YDR503C,1
YJL187C,6
YJR092W,3
YJL019W,1
YBL005W,1
YBL009W,1
YBR139W,6
YBR241C,1
YJL105W,3
YGL162W,3
YGR289C,1
YER070W,6
YDR518W,1
YOR084W,3
YEL047C,7
YDR501W,1
YDL093W,1
YJL217W,1
YJR076C,1
YJL042W,1
YNL032W,1
YEL016C,6
YPL153C,1
YDL197C,1
YPR119W,3
YLR212C,1
YGR153W,1
YLR237W,1
YKR013W,6
YBR086C,14
YJR155W,1
YHR188C,1
YNL262W,1
YDL164C,1
YOL011W,1
YMR198W,6
YEL064C,1
YER104W,1
YPL241C,1
YER118C,6
YLR313C,1
YLR209C,6
YNL014W,5
YOL144W,5
YDL018C,6
YNL309W,1
YDR324C,1
YER152C,1
YNR004W,1
YAR007C,1
YPL014W,1
YJL218W,1
YKL163W,4
YHL028W,6
YER011W,3
YDR307W,1
YCL024W,7
YHR172W,1
YLR455W,1
YKL165C,1
YAL040C,9
YDL103C,1
YKL164C,4
YJR154W,1
YOR315W,1
YPL127C,6
YMR011W,3
YIL050W,4
YGR222W,6
YER018C,1
YDL227C,6
YGL021W,7
YDR308C,1
YBL003C,1
YKL183W,1
YKR081C,5
YBL035C,1
YDR346C,1
YLR003C,1
YDL074C,1
YLR288C,1
YDL105W,5
YML020W,1
YBR255W,3
YAL022C,15
YPL141C,1
YLR049C,3
YHR092C,7
YOR073W,1
YBR009C,1
YKL096W,3
YNL176C,3
YML027W,6
YPL255W,1
YGR140W,5
YDR297W,1
YGR221C,6
YJL137C,1
YOR372C,6
YJR043C,1
YKR077W,1
YNL072W,1
YKL078W,7
YER124C,6
YMR102C,7
YNL082W,1
YLL021W,1
YGR238C,3
YPR135W,6
YDL127W,6
YMR253C,3
YDR465C,3
YHR148W,1
YER170W,1
YPL124W,1
YGL089C,1
YGL216W,1
YKL116C,1
YJL051W,7
YDL117W,4
YEL066W,3
YLR151C,1
YLR286C,4
YIL092W,1
YGR068C,1
YKL092C,1
YLR194C,4
YNL283C,6
YER153C,5
YOR025W,1
YGL094C,1
YGR070W,1
YFL017C,1
YBR015C,13
YLR326W,1
YOR262W,5
YER031C,7
YNL273W,1
YPR156C,3
YGL116W,3
YNL015W,1
YDR219C,1
YGR177C,1
YHR110W,1
YNL046W,1
YOR274W,5
YER003C,1
YIL106W,1
YNL077W,1
YDR514C,1
YOR144C,1
YNL263C,1
YML119W,12
YLR121C,7
YMR078C,6
YLR103C,1
YMR294W,1
YLR342W,6
YLR234W,1
YLL028W,1
YNL308C,5
YMR048W,5
YGR113W,1
YPL058C,3
YMR199W,6
YBR162C,6
YGL101W,1
YJR003C,1
YBL097W,1
YOR129C,1
YGL028C,6
YDR517W,1
YHR152W,3
YGL038C,6
YML072C,1
YCR086W,1
YFR027W,1
YBL052C,1
YJL196C,2
YIR034C,1
YDR147W,3
YNL298W,6
YGR145W,7
YDL044C,1
YKL067W,1
YCL040W,1
YLR032W,1
YPL061W,16
YNL192W,6
YGR041W,6
YFR053C,1
YAL059W,1
YNL233W,1
YCR090C,1
YDR224C,6
YCL027W,6
YBR161W,1
YNL024C,1
YCL063W,6
YMR163C,1
YNL160W,4
YBR138C,6
YDR130C,5
YNL102W,1
YNL188W,1
YDR356W,1
YJL074C,1
YOR049C,3
YOL158C,1
YMR001C,7
YDR180W,1
YAL007C,1
YBR275C,1
YJL181W,1
YPL253C,1
YJR057W,1
YGR143W,3
YOR346W,1
YOR008C,1
YNL173C,3
YOR342C,1
YPR183W,4
YJL084C,1
YDR191W,3
YGL061C,1
YBR042C,1
YKL052C,3
YHR146W,5
YFL025C,1
YNL151C,1
YOR374W,1
YDR348C,1
YLL022C,1
YGL200C,5
YPL208W,1
YDR389W,1
YMR009W,1
YAL025C,1
YBL031W,1
YDR198C,1
YNL031C,1
YDR488C,1
YMR144W,1
YOL014W,1
YNL300W,1
YKL130C,1
YCR065W,6
YGR152C,1
YDL095W,1
YDR440W,1
YLR381W,1
YKL108W,1
YNL274C,1
YOR347C,1
YOR288C,1
YGL207W,1
YJR053W,1
YBL032W,1
YBL002W,1
YLR183C,1
YNR067C,1
YJR147W,7
YBR073W,1
YDR083W,1
YKL209C,3
YKL062W,3
YNL312W,7
YDL153C,1
YNL289W,6
YOR195W,1
YDR146C,3
YER150W,5
YHR153C,7
YNL056W,7
YOR101W,7
YLL032C,1
YHR159W,1
YPL155C,6
YMR179W,6
YPR111W,1
YML100W,4
YHR031C,1
YOR273C,5
YPR120C,6
YBR070C,6
YNL055C,3
YMR215W,6
YBR242W,1
YBR200W,1
YDR020C,1
YDR481C,1
YPR018W,5
YKL113C,1
YDR113C,1
YBR267W,1
YOR104W,1
YML064C,7
YLR297W,3
YMR251W,3
YEL017W,1
YNR009W,1
YKL045W,1
YPR141C,1
YDR493W,1
YKL042W,1
YER016W,1
YBR184W,7
YBL067C,1
YBR130C,5
YPR112C,7
YMR299C,1
YML065W,1
YMR183C,6
YDR309C,6
YDR033W,3
YMR305C,6
YPL267W,1
YCL014W,1
YER158C,7
YBR158W,3
YEL032W,3
YBL063W,7
YGR042W,1
YIR010W,5
YBR010W,1
YDL138W,1
YOR056C,5
YGR014W,6
YNL328C,4
YER114C,12
YOL007C,6
YJL091C,1
YOL019W,1
YDL010W,1
YMR003W,1
YIL159W,1
YPL158C,4
YER001W,6
YKL008C,6
YOL090W,1
YJL173C,9
YBL023C,1
YLR254C,3
YML125C,1
YBR098W,1
YAR003W,1
YGL126W,1
YGR099W,6
YEL061C,1
YDR225W,6
YML085C,1
YLR120C,3
YOR114W,1
YOR066W,7
YAR008W,1
YOR033C,1
YMR032W,6
YNL141W,9
YOR373W,6
YPL163C,6
YBR067C,3
YHR023W,1
YJL157C,1
YPL183C,1
YJL079C,1
YLR233C,1
YFR001W,1
YIL026C,1
YJL078C,1
YKR021W,1
YIL011W,3
YML061C,1
YDL101C,6
YFL054C,1
YFL052W,7
YDL063C,1
YML058W,1
YPL256C,1
YKR041W,6
YNL327W,4
YJL073W,1
YPL116W,6
YIL101C,1
YMR076C,1
YDL179W,4
YOL017W,1
YGL037C,1
YDR326C,5
YDR263C,6
YGL027C,1
YBR054W,3
YOR264W,1
YDR227W,1
YLR457C,1
YHR149C,6
YGR189C,6
YGL175C,1
YLR382C,1
YBR157C,3
YOL124C,7
YER095W,6
YNL058C,7
YHR005C,3
YPR184W,17
YDL211C,1
YBR202W,1
YNL329C,1
YDR451C,6
YOR368W,10
YJL044C,5
YER140W,1
YPR175W,1
YDR179W,1
YAL053W,7
YIL140W,1
YOR083W,1
YML060W,1
YPR149W,3
YGR109C,6
YPR174C,1
YFR039C,7
YAL034W,1
YNL172W,3
YLR057W,1
YDL028C,1
YDR528W,2
YBL069W,1
YPR004C,1
YIL009W,4
YHR143W,1
YOR018W,4
YOR228C,4
YOR074C,1
YDR400W,1
YMR031C,6
YNL078W,4
YCR042C,5
YAR018C,3
YHR086W,6
YGR188C,1
YGL093W,1
YMR190C,1
YOR064C,3
YCR024C,1
YHR046C,1
YLR050C,1
YGR108W,3
YNL310C,1
YLL002W,1
YGR044C,1
YBR088C,1
YLR045C,1
YGR092W,3
YDR507C,6
YDL156W,1
YBL029W,3
YHR061C,6
YNL126W,1
YIL131C,1
YLR383W,1
YNL110C,1
YNL165W,1
YOL012C,1
YOR127W,1
YDL022W,7
YIL167W,1
YOL154W,18
YMR233W,1
YDR279W,1
YLR437C,3
YOR001W,9
YJR116W,5
YGR230W,1
YNL088W,1
YDR325W,1
YMR132C,1
YLR190W,7
YOR176W,1
YLR353W,6
YDL039C,1
YOR229W,4
YIL122W,3
YPR075C,6
YPL057C,1
YJL115W,6
YBR123C,1
YFL008W,1
YBL010C,1
YBL004W,6
YML102W,3
YMR117C,3
YER019W,1
YOL006C,5
YHR127W,1
YER139C,1
YNL030W,1
YLR210W,6
YOL101C,7
YKR010C,1
YML034W,1
YKL048C,1
YJL159W,4
YLR042C,3
YJL118W,1
YML052W,3
YGL055W,3
YOR058C,1
YKL089W,1
YHR154W,7
YLR079W,1
YDR480W,1
YJL194W,2
YDL003W,1
YKL101W,11
YOR321W,1
YLR276C,1
YOL069W,1
YDL102W,1
YOR284W,7
YLR386W,1
YGL201C,1
YOR313C,1
YNL304W,1
